{"qnet_top1": 85.42, "snn_top1": 82.97, "mean_firing_ratio": 0.1334396177281936, "firing_ratios": [0.09799888104200363, 0.10657516092061997, 0.08705811813473702, 0.09828022405505181, 0.061943607702851296, 0.09214726030826569, 0.23846259146928786, 0.23846259146928786, 0.18002812445163727]}